[{
    "options": [{
        "text": "湖北省",
        "value": "420000"
    }]
},{
    "options": [{
        "text": "武汉市",
        "value": "420100",
        "parentVal": "420000"
    }, {
        "text": "黄石市",
        "value": "420200",
        "parentVal": "420000"
    }, {
        "text": "十堰市",
        "value": "420300",
        "parentVal": "420000"
    }, {
        "text": "宜昌市",
        "value": "420500",
        "parentVal": "420000"
    }, {
        "text": "襄阳市",
        "value": "420600",
        "parentVal": "420000"
    }, {
        "text": "鄂州市",
        "value": "420700",
        "parentVal": "420000"
    }, {
        "text": "荆门市",
        "value": "420800",
        "parentVal": "420000"
    }, {
        "text": "孝感市",
        "value": "420900",
        "parentVal": "420000"
    }, {
        "text": "荆州市",
        "value": "421000",
        "parentVal": "420000"
    }, {
        "text": "黄冈市",
        "value": "421100",
        "parentVal": "420000"
    }, {
        "text": "咸宁市",
        "value": "421200",
        "parentVal": "420000"
    }, {
        "text": "随州市",
        "value": "421300",
        "parentVal": "420000"
    }, {
        "text": "恩施土家族苗族自治州",
        "value": "422800",
        "parentVal": "420000"
    }, {
        "text": "省直辖行政区",
        "value": "429000",
        "parentVal": "420000"
    }]
},{
    "options": [{
        "text": "市辖区",
        "value": "420101",
        "parentVal": "420100"
    }, {
        "text": "江岸区",
        "value": "420102",
        "parentVal": "420100"
    }, {
        "text": "江汉区",
        "value": "420103",
        "parentVal": "420100"
    }, {
        "text": "硚口区",
        "value": "420104",
        "parentVal": "420100"
    }, {
        "text": "汉阳区",
        "value": "420105",
        "parentVal": "420100"
    }, {
        "text": "武昌区",
        "value": "420106",
        "parentVal": "420100"
    }, {
        "text": "青山区",
        "value": "420107",
        "parentVal": "420100"
    }, {
        "text": "洪山区",
        "value": "420111",
        "parentVal": "420100"
    }, {
        "text": "东西湖区",
        "value": "420112",
        "parentVal": "420100"
    }, {
        "text": "汉南区",
        "value": "420113",
        "parentVal": "420100"
    }, {
        "text": "蔡甸区",
        "value": "420114",
        "parentVal": "420100"
    }, {
        "text": "江夏区",
        "value": "420115",
        "parentVal": "420100"
    }, {
        "text": "黄陂区",
        "value": "420116",
        "parentVal": "420100"
    }, {
        "text": "新洲区",
        "value": "420117",
        "parentVal": "420100"
    }, {
        "text": "市辖区",
        "value": "420201",
        "parentVal": "420200"
    }, {
        "text": "黄石港区",
        "value": "420202",
        "parentVal": "420200"
    }, {
        "text": "西塞山区",
        "value": "420203",
        "parentVal": "420200"
    }, {
        "text": "下陆区",
        "value": "420204",
        "parentVal": "420200"
    }, {
        "text": "铁山区",
        "value": "420205",
        "parentVal": "420200"
    }, {
        "text": "阳新县",
        "value": "420222",
        "parentVal": "420200"
    }, {
        "text": "大冶市",
        "value": "420281",
        "parentVal": "420200"
    }, {
        "text": "市辖区",
        "value": "420301",
        "parentVal": "420300"
    }, {
        "text": "茅箭区",
        "value": "420302",
        "parentVal": "420300"
    }, {
        "text": "张湾区",
        "value": "420303",
        "parentVal": "420300"
    }, {
        "text": "郧县",
        "value": "420321",
        "parentVal": "420300"
    }, {
        "text": "郧西县",
        "value": "420322",
        "parentVal": "420300"
    }, {
        "text": "竹山县",
        "value": "420323",
        "parentVal": "420300"
    }, {
        "text": "竹溪县",
        "value": "420324",
        "parentVal": "420300"
    }, {
        "text": "房县",
        "value": "420325",
        "parentVal": "420300"
    }, {
        "text": "丹江口市",
        "value": "420381",
        "parentVal": "420300"
    }, {
        "text": "市辖区",
        "value": "420501",
        "parentVal": "420500"
    }, {
        "text": "西陵区",
        "value": "420502",
        "parentVal": "420500"
    }, {
        "text": "伍家岗区",
        "value": "420503",
        "parentVal": "420500"
    }, {
        "text": "点军区",
        "value": "420504",
        "parentVal": "420500"
    }, {
        "text": "猇亭区",
        "value": "420505",
        "parentVal": "420500"
    }, {
        "text": "夷陵区",
        "value": "420506",
        "parentVal": "420500"
    }, {
        "text": "远安县",
        "value": "420525",
        "parentVal": "420500"
    }, {
        "text": "兴山县",
        "value": "420526",
        "parentVal": "420500"
    }, {
        "text": "秭归县",
        "value": "420527",
        "parentVal": "420500"
    }, {
        "text": "长阳土家族自治县",
        "value": "420528",
        "parentVal": "420500"
    }, {
        "text": "五峰土家族自治县",
        "value": "420529",
        "parentVal": "420500"
    }, {
        "text": "宜都市",
        "value": "420581",
        "parentVal": "420500"
    }, {
        "text": "当阳市",
        "value": "420582",
        "parentVal": "420500"
    }, {
        "text": "枝江市",
        "value": "420583",
        "parentVal": "420500"
    }, {
        "text": "市辖区",
        "value": "420601",
        "parentVal": "420600"
    }, {
        "text": "襄城区",
        "value": "420602",
        "parentVal": "420600"
    }, {
        "text": "樊城区",
        "value": "420606",
        "parentVal": "420600"
    }, {
        "text": "襄州区",
        "value": "420607",
        "parentVal": "420600"
    }, {
        "text": "南漳县",
        "value": "420624",
        "parentVal": "420600"
    }, {
        "text": "谷城县",
        "value": "420625",
        "parentVal": "420600"
    }, {
        "text": "保康县",
        "value": "420626",
        "parentVal": "420600"
    }, {
        "text": "老河口市",
        "value": "420682",
        "parentVal": "420600"
    }, {
        "text": "枣阳市",
        "value": "420683",
        "parentVal": "420600"
    }, {
        "text": "宜城市",
        "value": "420684",
        "parentVal": "420600"
    }, {
        "text": "市辖区",
        "value": "420701",
        "parentVal": "420700"
    }, {
        "text": "梁子湖区",
        "value": "420702",
        "parentVal": "420700"
    }, {
        "text": "华容区",
        "value": "420703",
        "parentVal": "420700"
    }, {
        "text": "鄂城区",
        "value": "420704",
        "parentVal": "420700"
    }, {
        "text": "市辖区",
        "value": "420801",
        "parentVal": "420800"
    }, {
        "text": "东宝区",
        "value": "420802",
        "parentVal": "420800"
    }, {
        "text": "掇刀区",
        "value": "420804",
        "parentVal": "420800"
    }, {
        "text": "京山县",
        "value": "420821",
        "parentVal": "420800"
    }, {
        "text": "沙洋县",
        "value": "420822",
        "parentVal": "420800"
    }, {
        "text": "钟祥市",
        "value": "420881",
        "parentVal": "420800"
    }, {
        "text": "市辖区",
        "value": "420901",
        "parentVal": "420900"
    }, {
        "text": "孝南区",
        "value": "420902",
        "parentVal": "420900"
    }, {
        "text": "孝昌县",
        "value": "420921",
        "parentVal": "420900"
    }, {
        "text": "大悟县",
        "value": "420922",
        "parentVal": "420900"
    }, {
        "text": "云梦县",
        "value": "420923",
        "parentVal": "420900"
    }, {
        "text": "应城市",
        "value": "420981",
        "parentVal": "420900"
    }, {
        "text": "安陆市",
        "value": "420982",
        "parentVal": "420900"
    }, {
        "text": "汉川市",
        "value": "420984",
        "parentVal": "420900"
    }, {
        "text": "市辖区",
        "value": "421001",
        "parentVal": "421000"
    }, {
        "text": "沙市区",
        "value": "421002",
        "parentVal": "421000"
    }, {
        "text": "荆州区",
        "value": "421003",
        "parentVal": "421000"
    }, {
        "text": "公安县",
        "value": "421022",
        "parentVal": "421000"
    }, {
        "text": "监利县",
        "value": "421023",
        "parentVal": "421000"
    }, {
        "text": "江陵县",
        "value": "421024",
        "parentVal": "421000"
    }, {
        "text": "石首市",
        "value": "421081",
        "parentVal": "421000"
    }, {
        "text": "洪湖市",
        "value": "421083",
        "parentVal": "421000"
    }, {
        "text": "松滋市",
        "value": "421087",
        "parentVal": "421000"
    }, {
        "text": "市辖区",
        "value": "421101",
        "parentVal": "421100"
    }, {
        "text": "黄州区",
        "value": "421102",
        "parentVal": "421100"
    }, {
        "text": "团风县",
        "value": "421121",
        "parentVal": "421100"
    }, {
        "text": "红安县",
        "value": "421122",
        "parentVal": "421100"
    }, {
        "text": "罗田县",
        "value": "421123",
        "parentVal": "421100"
    }, {
        "text": "英山县",
        "value": "421124",
        "parentVal": "421100"
    }, {
        "text": "浠水县",
        "value": "421125",
        "parentVal": "421100"
    }, {
        "text": "蕲春县",
        "value": "421126",
        "parentVal": "421100"
    }, {
        "text": "黄梅县",
        "value": "421127",
        "parentVal": "421100"
    }, {
        "text": "麻城市",
        "value": "421181",
        "parentVal": "421100"
    }, {
        "text": "武穴市",
        "value": "421182",
        "parentVal": "421100"
    }, {
        "text": "市辖区",
        "value": "421201",
        "parentVal": "421200"
    }, {
        "text": "咸安区",
        "value": "421202",
        "parentVal": "421200"
    }, {
        "text": "嘉鱼县",
        "value": "421221",
        "parentVal": "421200"
    }, {
        "text": "通城县",
        "value": "421222",
        "parentVal": "421200"
    }, {
        "text": "崇阳县",
        "value": "421223",
        "parentVal": "421200"
    }, {
        "text": "通山县",
        "value": "421224",
        "parentVal": "421200"
    }, {
        "text": "赤壁市",
        "value": "421281",
        "parentVal": "421200"
    }, {
        "text": "市辖区",
        "value": "421301",
        "parentVal": "421300"
    }, {
        "text": "曾都区",
        "value": "421303",
        "parentVal": "421300"
    }, {
        "text": "随县",
        "value": "421321",
        "parentVal": "421300"
    }, {
        "text": "广水市",
        "value": "421381",
        "parentVal": "421300"
    }, {
        "text": "恩施市",
        "value": "422801",
        "parentVal": "422800"
    }, {
        "text": "利川市",
        "value": "422802",
        "parentVal": "422800"
    }, {
        "text": "建始县",
        "value": "422822",
        "parentVal": "422800"
    }, {
        "text": "巴东县",
        "value": "422823",
        "parentVal": "422800"
    }, {
        "text": "宣恩县",
        "value": "422825",
        "parentVal": "422800"
    }, {
        "text": "咸丰县",
        "value": "422826",
        "parentVal": "422800"
    }, {
        "text": "来凤县",
        "value": "422827",
        "parentVal": "422800"
    }, {
        "text": "鹤峰县",
        "value": "422828",
        "parentVal": "422800"
    }, {
        "text": "仙桃市",
        "value": "429004",
        "parentVal": "429000"
    }, {
        "text": "潜江市",
        "value": "429005",
        "parentVal": "429000"
    }, {
        "text": "天门市",
        "value": "429006",
        "parentVal": "429000"
    }, {
        "text": "神农架林区",
        "value": "429021",
        "parentVal": "429000"
    }]
}]